date,gdp,gdp_trend,gdp_cycle,consumption,consumption_trend,consumption_cycle,investment,investment_trend,investment_cycle,hours,hours_trend,hours_cycle,tfp,tfp_trend,tfp_cycle
1947Q2,2176.892000,2138.523045,1.778275,1373.880000,1355.341218,1.358561,209.836000,230.528909,-9.405000,41.793000,41.522294,0.649838,0.999631,0.991902,0.776145
1947Q3,2172.432000,2162.647279,0.451421,1378.358000,1366.646240,0.853320,203.662000,233.679346,-13.748810,41.907000,41.610151,0.710873,0.990058,0.999212,-0.920393
1947Q4,2206.452000,2187.067962,0.882398,1378.796000,1378.057260,0.053593,243.072000,236.858915,2.589303,42.313000,41.698363,1.463248,0.998505,1.006581,-0.805522
1948Q1,2239.682000,2211.819808,1.251827,1385.667000,1389.594567,-0.283041,268.012000,240.032897,11.025577,42.582000,41.787288,1.883945,1.023237,1.014008,0.905976
1948Q2,2276.690000,2236.951323,1.760871,1401.789000,1401.279575,0.036348,284.598000,243.168660,15.732238,42.564000,41.877668,1.625613,1.044000,1.021488,2.179877
1948Q3,2289.770000,2262.530779,1.196738,1403.859000,1413.131893,-0.658357,287.514000,246.248929,15.492862,42.864000,41.970746,2.105946,1.034870,1.029021,0.566719
1948Q4,2292.364000,2288.654599,0.161947,1415.063000,1425.172080,-0.711851,273.765000,249.280223,9.369242,42.471000,42.068205,0.952926,1.036751,1.036621,0.012509
1949Q1,2260.807000,2315.440802,-2.387825,1417.353000,1437.415445,-1.405562,232.885000,252.293979,-8.005022,41.756000,42.172299,-0.992043,1.021468,1.044307,-2.211202
1949Q2,2253.128000,2343.015124,-3.911914,1439.077000,1449.871333,-0.747288,201.926000,255.338221,-23.468773,41.068000,42.285558,-2.921638,1.019534,1.052096,-3.143918
1949Q3,2276.424000,2371.473713,-4.090579,1442.341000,1462.536517,-1.390478,218.667000,258.450408,-16.715381,40.626000,42.410281,-4.298255,1.037760,1.059995,-2.119994
1949Q4,2257.352000,2400.858500,-6.163394,1463.488000,1475.400719,-0.810700,207.912000,261.631438,-22.982188,40.452000,42.548025,-5.051734,1.028728,1.067987,-3.745189
1950Q1,2346.104000,2431.151093,-3.560877,1487.854000,1488.440307,-0.039398,257.271000,264.854552,-2.905081,40.769000,42.699228,-4.625885,1.073341,1.076041,-0.251190
1950Q2,2417.682000,2462.236999,-1.826106,1512.357000,1501.623149,0.712274,284.803000,268.053124,6.061253,41.777000,42.862995,-2.566291,1.096877,1.084100,1.171759
1950Q3,2511.127000,2493.939920,0.686790,1590.019000,1514.915552,4.838627,309.285000,271.152398,13.158216,43.091000,43.037179,0.124980,1.119697,1.092103,2.495287
1950Q4,2559.214000,2526.045160,1.304528,1542.087000,1528.289390,0.898763,348.585000,274.084736,24.044479,43.490000,43.218914,0.625281,1.122889,1.099997,2.059716
1951Q1,2593.967000,2558.337555,1.383071,1579.375000,1541.762150,2.410318,312.966000,276.802793,12.278925,44.221000,43.405322,1.861774,1.116016,1.107743,0.744082
1951Q2,2638.898000,2590.611904,1.846730,1534.744000,1555.360661,-1.334386,320.221000,279.300017,13.672485,44.575000,43.593646,2.226176,1.118877,1.115316,0.318790
1951Q3,2693.259000,2622.675507,2.655700,1552.624000,1569.136317,-1.057895,296.643000,281.592006,5.207016,44.148000,43.781592,0.833416,1.139705,1.122695,1.503724
1951Q4,2699.156000,2654.357327,1.673657,1561.670000,1583.129105,-1.364757,273.007000,283.719802,-3.848970,44.170000,43.967438,0.459651,1.138550,1.129862,0.765984
1952Q1,2727.954000,2685.523608,1.567616,1565.288000,1597.369835,-2.028859,280.130000,285.735482,-1.981272,44.455000,44.149662,0.689218,1.139429,1.136809,0.230166
1952Q2,2733.800000,2716.064036,0.650880,1595.941000,1611.876623,-0.993557,259.010000,287.685973,-10.500284,44.268000,44.326845,-0.132841,1.144038,1.143534,0.044067
1952Q3,2753.517000,2745.891766,0.277311,1603.596000,1626.647562,-1.427258,272.895000,289.616029,-5.946890,44.588000,44.497742,0.202632,1.145914,1.150036,-0.359135
1952Q4,2843.941000,2774.929201,2.456553,1660.168000,1641.670411,1.120454,292.552000,291.552523,0.342226,45.771000,44.661053,2.454889,1.168209,1.156315,1.023291
1953Q1,2896.811000,2803.102235,3.288373,1679.665000,1656.917625,1.363535,298.847000,293.512148,1.801271,46.241000,44.815520,3.131235,1.183663,1.162369,1.815406
1953Q2,2919.206000,2830.379242,3.090095,1689.777000,1672.372265,1.035343,300.547000,295.512680,1.689240,46.326000,44.960565,2.991759,1.187276,1.168202,1.619551
1953Q3,2902.785000,2856.788146,1.597265,1685.752000,1688.031081,-0.135105,294.261000,297.575729,-1.120162,45.871000,45.096491,1.702866,1.178207,1.173834,0.371840
1953Q4,2858.845000,2882.415527,-0.821097,1674.449000,1703.901656,-1.743656,272.998000,299.726682,-9.340653,45.155000,45.224459,-0.153705,1.160893,1.179296,-1.572789
1954Q1,2845.192000,2907.381774,-2.162239,1680.625000,1719.990348,-2.315293,271.041000,301.989574,-10.812239,44.548000,45.346128,-1.775754,1.159603,1.184622,-2.134558
1954Q2,2848.305000,2931.797730,-2.889171,1702.449000,1736.284765,-1.967984,270.402000,304.371447,-11.833908,44.214000,45.463138,-2.786037,1.167509,1.189836,-1.894362
1954Q3,2880.482000,2955.739022,-2.579107,1725.489000,1752.746611,-1.567356,283.451000,306.858893,-7.934874,44.043000,45.576642,-3.422892,1.179925,1.194947,-1.265162
1954Q4,2936.852000,2979.230733,-1.432686,1761.703000,1769.314308,-0.431112,295.882000,309.415216,-4.472339,44.588000,45.687008,-2.434921,1.198076,1.199950,-0.156258
1955Q1,3020.746000,3002.251004,0.614148,1801.231000,1785.906410,0.854424,325.442000,311.987028,4.222265,45.304000,45.793633,-1.074973,1.220630,1.204827,1.303062
1955Q2,3069.910000,3024.750845,1.481952,1835.737000,1802.433565,1.830830,345.235000,314.510357,9.320834,45.898000,45.895206,0.006088,1.235825,1.209564,2.147832
1955Q3,3111.379000,3046.692149,2.100958,1858.411000,1818.812916,2.153778,350.533000,316.927553,10.078164,46.379000,45.990101,0.842059,1.236533,1.214154,1.826449
1955Q4,3130.068000,3068.064829,2.000772,1881.748000,1834.979792,2.516766,358.661000,319.197929,11.656627,46.937000,46.076682,1.849926,1.230343,1.218604,0.958651
1956Q1,3117.922000,3088.899781,0.935178,1884.805000,1850.892434,1.815645,348.420000,321.300128,8.103298,47.224000,46.153548,2.292841,1.224250,1.222940,0.107037
1956Q2,3143.694000,3109.268288,1.101112,1891.074000,1866.537371,1.305988,345.678000,323.236117,6.712464,47.325000,46.219827,2.362983,1.230084,1.227193,0.235303
1956Q3,3140.874000,3129.262353,0.370380,1895.350000,1881.922432,0.710969,342.583000,325.024718,5.261273,47.133000,46.275316,1.836471,1.225721,1.231395,-0.461877
1956Q4,3192.570000,3148.998437,1.374179,1921.479000,1897.071582,1.278378,339.406000,326.699168,3.815726,47.395000,46.320500,2.293212,1.246548,1.235581,0.883712
1957Q1,3213.011000,3168.603558,1.391753,1934.843000,1912.018401,1.186675,334.137000,328.304377,1.760993,47.440000,46.356405,2.310627,1.247101,1.239783,0.588526
1957Q2,3205.970000,3188.235445,0.554708,1938.216000,1926.813216,0.590051,333.798000,329.894111,1.176429,47.339000,46.384735,2.036407,1.241814,1.244040,-0.179083
1957Q3,3237.386000,3208.083710,0.909243,1953.532000,1941.522534,0.616654,341.451000,331.526854,2.949537,47.111000,46.407867,1.503753,1.245764,1.248396,-0.211112
1957Q4,3203.894000,3228.353897,-0.760543,1954.346000,1956.222264,-0.095959,315.195000,333.264716,-5.574562,46.139000,46.428781,-0.626096,1.244151,1.252896,-0.700421
1958Q1,3120.724000,3249.275230,-4.036694,1927.309000,1970.998292,-2.241543,293.932000,335.177337,-13.131131,45.106000,46.450896,-2.938048,1.224076,1.257580,-2.700292
1958Q2,3141.224000,3271.067436,-4.050383,1943.243000,1985.937942,-2.173309,288.010000,337.324379,-15.804981,44.444000,46.477460,-4.473749,1.232201,1.262488,-2.428227
1958Q3,3213.884000,3293.873289,-2.458399,1975.484000,2001.103145,-1.288517,310.114000,339.739488,-9.123914,44.977000,46.510870,-3.353481,1.255379,1.267636,-0.971610
1958Q4,3289.032000,3317.755955,-0.869534,2002.318000,2016.530310,-0.707286,336.555000,342.423913,-1.728790,45.648000,46.552236,-1.961525,1.274213,1.273021,0.093586
1959Q1,3352.129000,3342.729516,0.280797,2039.017000,2032.240569,0.332892,354.894000,345.359717,2.723262,46.533000,46.601695,-0.147518,1.290124,1.278635,0.894513
1959Q2,3427.667000,3368.790598,1.732605,2070.508000,2048.246624,1.080987,382.500000,348.524965,9.301879,47.413000,46.658819,1.603451,1.304343,1.284468,1.535487
1959Q3,3430.057000,3395.942059,0.999567,2092.138000,2064.565831,1.326656,357.798000,351.903189,1.661247,47.274000,46.723136,1.172101,1.299049,1.290518,0.658895
1959Q4,3439.832000,3424.224255,0.454768,2094.495000,2081.230121,0.635335,369.442000,355.498142,3.847374,47.287000,46.794646,1.046661,1.299336,1.296795,0.195759
1960Q1,3517.181000,3453.700777,1.821347,2114.532000,2098.289818,0.771087,406.581000,359.317627,12.357642,47.584000,46.873696,1.503990,1.329230,1.303316,1.968839
1960Q2,3498.246000,3484.447644,0.395216,2141.205000,2115.805274,1.193327,368.686000,363.378682,1.449984,47.663000,46.960944,1.483914,1.304978,1.310099,-0.391603
1960Q3,3515.385000,3516.583973,-0.034101,2132.646000,2133.849130,-0.056399,367.749000,367.727678,0.005798,47.397000,47.057499,0.718870,1.303665,1.317178,-1.031227
1960Q4,3470.278000,3550.242479,-2.278120,2135.408000,2152.512580,-0.797807,327.010000,372.416834,-13.002300,46.964000,47.164923,-0.426910,1.291011,1.324586,-2.567458
1961Q1,3493.703000,3585.560730,-2.595267,2134.615000,2171.889306,-1.731113,335.496000,377.501402,-11.796425,46.693000,47.285009,-1.259906,1.296785,1.332348,-2.705525
1961Q2,3553.021000,3622.630813,-1.940228,2166.382000,2192.065554,-1.178578,359.004000,383.009013,-6.472499,46.586000,47.419453,-1.773248,1.329920,1.340468,-0.789977
1961Q3,3621.252000,3661.489882,-1.105031,2176.916000,2213.107009,-1.648822,386.914000,388.940742,-0.522455,46.862000,47.569604,-1.498688,1.344514,1.348926,-0.327633
1961Q4,3692.289000,3702.132357,-0.266238,2220.704000,2235.065622,-0.644633,393.316000,395.282140,-0.498643,47.455000,47.736314,-0.591052,1.359823,1.357697,0.156471
1962Q1,3758.147000,3744.526944,0.363072,2244.227000,2257.972359,-0.610608,414.522000,402.016733,3.063234,47.631000,47.920012,-0.604939,1.366094,1.366753,-0.048201
1962Q2,3792.149000,3788.634813,0.092713,2271.817000,2281.850460,-0.440677,411.253000,409.125707,0.518614,48.197000,48.120971,0.157871,1.368936,1.376063,-0.519310
1962Q3,3838.776000,3834.424012,0.113433,2290.126000,2306.715509,-0.721782,418.241000,416.596814,0.393894,48.098000,48.339302,-0.500433,1.384410,1.385599,-0.085851
1962Q4,3851.421000,3881.863131,-0.787306,2322.530000,2332.577456,-0.431675,406.004000,424.418100,-4.435604,47.803000,48.575180,-1.602430,1.396351,1.395326,0.073397
1963Q1,3893.482000,3930.921686,-0.957005,2338.799000,2359.436104,-0.878510,427.366000,432.577512,-1.212074,48.090000,48.828646,-1.524290,1.400522,1.405207,-0.333981
1963Q2,3937.183000,3981.547616,-1.120510,2360.869000,2387.284785,-1.112688,434.164000,441.049505,-1.573478,48.398000,49.099265,-1.438557,1.409676,1.415204,-0.391428
1963Q3,4023.755000,4033.661478,-0.245897,2392.896000,2416.103151,-0.965163,447.531000,449.802724,-0.506329,48.530000,49.386132,-1.748749,1.433491,1.425277,0.574603
1963Q4,4050.147000,4087.150344,-0.909481,2412.836000,2445.852681,-1.359099,452.965000,458.798377,-1.279599,48.908000,49.687888,-1.582021,1.435387,1.435379,0.000489
1964Q1,4135.553000,4141.888125,-0.153070,2460.191000,2476.477746,-0.659830,469.918000,467.992670,0.410558,49.921000,50.002599,-0.163323,1.448306,1.445469,0.196060
1964Q2,4180.592000,4197.717275,-0.408801,2503.709000,2507.898272,-0.167183,468.225000,477.334119,-1.926776,50.141000,50.327793,-0.371843,1.454287,1.455503,-0.083537
1964Q3,4245.918000,4254.466845,-0.201140,2549.958000,2540.019229,0.390524,479.154000,486.768124,-1.576583,50.463000,50.660881,-0.391365,1.468415,1.465437,0.202975
1964Q4,4259.046000,4311.944880,-1.234386,2557.236000,2572.737578,-0.604355,483.706000,496.229703,-2.556165,50.955000,50.999091,-0.086491,1.465711,1.475229,-0.647318
1965Q1,4362.111000,4369.942967,-0.179384,2614.265000,2605.950901,0.318535,529.824000,505.643958,4.671209,51.743000,51.339446,0.782977,1.490550,1.484834,0.384206
1965Q2,4417.225000,4428.206974,-0.248308,2643.097000,2639.541145,0.134624,531.216000,514.922486,3.115234,52.256000,51.678865,1.110583,1.491039,1.494202,-0.211896
1965Q3,4515.427000,4486.464176,0.643485,2688.512000,2673.389218,0.564084,549.712000,523.986467,4.792865,52.386000,52.014437,0.711807,1.515131,1.503284,0.785017
1965Q4,4619.458000,4544.420908,1.637708,2764.094000,2707.372057,2.073447,553.352000,532.763086,3.791749,52.884000,52.343542,1.027226,1.535330,1.512029,1.529272
1966Q1,4731.888000,4601.787871,2.787938,2804.899000,2741.370045,2.290972,597.563000,541.192410,9.908485,53.641000,52.663735,1.838663,1.559098,1.520393,2.513893
1966Q2,4748.046000,4658.310525,1.908033,2812.086000,2775.293757,1.316996,588.717000,549.225573,6.943636,54.166000,52.972855,2.227380,1.548803,1.528345,1.329641
1966Q3,4788.254000,4713.806292,1.567012,2844.198000,2809.089994,1.242054,584.373000,556.847337,4.824836,54.420000,53.269315,2.137127,1.545972,1.535880,0.654911
1966Q4,4827.537000,4768.143579,1.237936,2856.047000,2842.726924,0.467472,587.798000,564.068172,4.120824,54.285000,53.552253,1.359008,1.549590,1.543003,0.425960
1967Q1,4870.299000,4821.235073,1.012520,2872.504000,2876.194147,-0.128382,573.373000,570.918213,0.429050,54.226000,53.821520,0.748711,1.551349,1.549729,0.104499
1967Q2,4873.287000,4873.030550,0.005262,2911.776000,2909.489920,0.078542,552.629000,577.445560,-4.392728,53.900000,54.077440,-0.328661,1.557000,1.556076,0.059359
1967Q3,4919.392000,4923.512073,-0.083717,2926.685000,2942.610692,-0.542679,568.833000,583.703363,-2.580602,54.081000,54.320610,-0.442080,1.558820,1.562063,-0.207889
1967Q4,4956.477000,4972.664321,-0.326057,2944.594000,2975.554821,-1.045957,581.104000,589.731838,-1.473818,54.327000,54.551542,-0.412463,1.562225,1.567714,-0.350693
1968Q1,5057.553000,5020.471793,0.735886,3015.162000,3008.310981,0.227477,592.754000,595.563964,-0.472932,54.425000,54.770612,-0.633016,1.586567,1.573046,0.855837
1968Q2,5142.033000,5066.911000,1.471716,3061.075000,3040.848042,0.662972,615.427000,601.229017,2.334041,54.945000,54.978075,-0.060179,1.599925,1.578078,1.374883
1968Q3,5181.859000,5111.983917,1.357630,3118.445000,3073.138487,1.463513,598.643000,606.755999,-1.346130,55.333000,55.173980,0.287801,1.605343,1.582836,1.411912
1968Q4,5202.212000,5155.742709,0.897274,3132.511000,3105.167107,0.876739,605.155000,612.184217,-1.154862,55.677000,55.358365,0.573936,1.601549,1.587359,0.889983
1969Q1,5283.597000,5198.287917,1.627779,3167.245000,3136.947387,0.961197,640.790000,617.549403,3.694272,56.198000,55.531377,1.193296,1.600475,1.591702,0.549667
1969Q2,5299.625000,5239.754955,1.136133,3187.677000,3168.511332,0.603057,637.015000,622.884178,2.243261,56.718000,55.693374,1.823044,1.594991,1.595929,-0.058800
1969Q3,5334.600000,5280.339089,1.022359,3203.218000,3199.912003,0.103262,649.948000,628.236878,3.397507,56.998000,55.845143,2.043363,1.593748,1.600112,-0.398517
1969Q4,5308.556000,5320.280819,-0.220623,3228.820000,3231.217210,-0.074217,618.565000,633.666417,-2.412038,56.836000,55.988123,1.503035,1.581105,1.604320,-1.457551
1970Q1,5300.652000,5359.863157,-1.110861,3248.853000,3262.499877,-0.419172,600.116000,639.247330,-6.316847,56.614000,56.124491,0.868403,1.572569,1.608621,-2.266624
1970Q2,5308.164000,5399.370696,-1.703640,3263.571000,3293.834488,-0.923039,601.421000,645.047062,-7.002809,55.878000,56.256978,-0.675934,1.577973,1.613068,-2.199732
1970Q3,5357.077000,5439.058955,-1.518757,3292.183000,3325.289840,-1.000597,611.208000,651.109843,-6.324103,55.604000,56.388647,-1.401269,1.596018,1.617694,-1.348932
1970Q4,5299.672000,5479.132729,-3.330190,3283.245000,3356.918091,-2.219106,578.757000,657.452874,-12.749039,55.183000,56.522352,-2.398123,1.577953,1.622506,-2.784312
1971Q1,5443.619000,5519.750444,-1.388855,3346.268000,3388.752220,-1.261608,646.232000,664.067864,-2.722578,55.438000,56.660478,-2.181166,1.615662,1.627501,-0.730091
1971Q2,5473.059000,5560.959428,-1.593296,3377.022000,3420.779015,-1.287405,664.569000,670.892788,-0.947063,55.621000,56.804584,-2.105620,1.616689,1.632645,-0.982144
1971Q3,5518.072000,5602.759695,-1.523076,3403.947000,3452.957514,-1.429547,672.632000,677.851517,-0.772989,55.624000,56.955467,-2.365492,1.630681,1.637899,-0.441678
1971Q4,5531.032000,5645.094942,-2.041260,3460.427000,3485.217168,-0.713837,654.519000,684.860636,-4.531475,56.218000,57.113184,-1.579800,1.628269,1.643211,-0.913506
1972Q1,5632.649000,5687.852902,-0.975298,3506.098000,3517.453396,-0.323352,697.648000,691.829885,0.837458,56.853000,57.276948,-0.742926,1.643765,1.648525,-0.289143
1972Q2,5760.470000,5730.844674,0.515614,3572.842000,3549.542023,0.654277,737.276000,698.645569,5.381875,57.266000,57.445397,-0.312781,1.669261,1.653774,0.932109
1972Q3,5814.854000,5773.840369,0.707824,3627.904000,3581.347332,1.291599,747.745000,705.193413,5.858990,57.592000,57.616886,-0.043202,1.679898,1.658888,1.258612
1972Q4,5912.220000,5816.621951,1.630172,3713.038000,3612.743903,2.738284,752.434000,711.379278,5.610756,58.197000,57.789638,0.702432,1.707340,1.663804,2.582999
1973Q1,6058.544000,5858.991016,3.349210,3780.829000,3643.631890,3.696234,796.530000,717.132789,10.500377,59.069000,57.961838,1.892142,1.733225,1.668475,3.807386
1973Q2,6124.506000,5900.803848,3.720951,3779.125000,3673.971622,2.821924,830.483000,722.407701,13.941780,59.686000,58.131907,2.638280,1.730310,1.672877,3.375576
1973Q3,6092.301000,5942.037530,2.497375,3792.426000,3703.808472,2.364431,800.370000,727.205381,9.586518,60.089000,58.298934,3.024298,1.710441,1.677028,1.972797
1973Q4,6150.131000,5982.808238,2.758332,3781.115000,3733.255889,1.273819,828.879000,731.592232,12.485089,60.390000,58.462965,3.243004,1.712563,1.680981,1.861309
1974Q1,6097.258000,6023.329873,1.219892,3747.286000,3762.487139,-0.404837,781.544000,735.681353,6.047437,60.141000,58.625155,2.552794,1.678856,1.684811,-0.354083
1974Q2,6111.751000,6063.927028,0.785570,3760.779000,3791.711506,-0.819139,778.425000,739.646724,5.109998,60.304000,58.787861,2.546304,1.668133,1.688611,-1.220153
1974Q3,6053.978000,6104.979758,-0.838922,3776.934000,3821.135315,-1.163501,738.080000,743.694438,-0.757803,60.099000,58.954411,1.922875,1.648633,1.692475,-2.624574
1974Q4,6030.464000,6146.908624,-1.912534,3721.726000,3850.951634,-3.413276,742.560000,748.059056,-0.737825,59.117000,59.129110,-0.020482,1.639295,1.696482,-3.429006
1975Q1,5957.035000,6190.113318,-3.838052,3752.942000,3881.331318,-3.363815,622.949000,752.977304,-18.957043,57.287000,59.317028,-3.482270,1.640810,1.700684,-3.584075
1975Q2,5999.610000,6234.930400,-3.847295,3814.672000,3912.367110,-2.528791,604.403000,758.689419,-22.735130,56.763000,59.523301,-4.748314,1.660931,1.705099,-2.624533
1975Q3,6102.326000,6281.555851,-2.894769,3868.889000,3944.071748,-1.924624,651.260000,765.353977,-16.142949,57.280000,59.751844,-4.224853,1.685370,1.709706,-1.433611
1975Q4,6184.530000,6330.039805,-2.325551,3910.492000,3976.395458,-1.671255,669.438000,773.027879,-14.387656,58.256000,60.004875,-2.957871,1.691413,1.714454,-1.353031
1976Q1,6323.649000,6380.319000,-0.892168,3988.677000,4009.238501,-0.514173,734.031000,781.694354,-6.291255,59.214000,60.283079,-1.789344,1.719185,1.719278,-0.005366
1976Q2,6370.025000,6432.235046,-0.971868,4025.375000,4042.455487,-0.423423,763.083000,791.267360,-3.626911,59.246000,60.586060,-2.236657,1.727078,1.724097,0.172773
1976Q3,6404.895000,6485.588397,-1.252000,4067.757000,4075.882968,-0.199566,765.742000,801.627047,-4.579817,59.483000,60.912759,-2.375210,1.730479,1.728830,0.095338
1976Q4,6451.177000,6540.133133,-1.369493,4120.536000,4109.341124,0.272055,771.471000,812.629976,-5.197679,59.803000,61.261256,-2.409178,1.733403,1.733395,0.000462
1977Q1,6527.703000,6595.563266,-1.034207,4169.104000,4142.639065,0.636810,807.213000,824.101648,-2.070631,60.434000,61.628692,-1.957568,1.744134,1.737713,0.368810
1977Q2,6654.466000,6651.505229,0.044503,4191.711000,4175.586960,0.385407,865.083000,835.830445,3.439968,61.580000,62.011215,-0.697811,1.759307,1.741701,1.005745
1977Q3,6774.457000,6707.529171,0.992856,4231.345000,4208.006034,0.553100,908.859000,847.581408,6.980308,62.242000,62.404121,-0.260130,1.781989,1.745283,2.081331
1977Q4,6774.592000,6763.192568,0.168409,4294.965000,4239.722735,1.294553,886.060000,859.124686,3.087060,62.855000,62.802313,0.083858,1.769035,1.748390,1.173866
1978Q1,6796.260000,6818.080806,-0.320556,4319.094000,4270.573851,1.129745,903.329000,870.256293,3.729907,63.147000,63.200462,-0.084628,1.762853,1.750979,0.675880
1978Q2,7058.920000,6871.773836,2.686979,4411.431000,4300.427269,2.548474,962.001000,880.779868,8.820776,64.986000,63.593136,2.166632,1.798489,1.753017,2.560834
1978Q3,7129.915000,6923.825895,2.933082,4429.955000,4329.179023,2.301150,990.029000,890.512417,10.593719,65.536000,63.974736,2.411135,1.797903,1.754482,2.444735
1978Q4,7225.750000,6973.896948,3.547686,4465.702000,4356.793209,2.469014,1012.924000,899.315493,11.896257,66.329000,64.340408,3.043934,1.799033,1.755378,2.456514
1979Q1,7238.727000,7021.768675,3.043023,4488.830000,4383.297555,2.379078,1014.607000,907.109101,11.199389,66.806000,64.686178,3.224535,1.791346,1.755737,2.007901
1979Q2,7246.454000,7067.376777,2.502287,4485.916000,4408.789942,1.734245,1013.693000,913.882736,10.365311,67.019000,65.009247,3.044665,1.772740,1.755619,0.970497
1979Q3,7300.281000,7110.793980,2.629893,4529.568000,4433.437700,2.145128,996.622000,919.694248,8.033028,67.631000,65.308103,3.495033,1.765787,1.755106,0.606719
1979Q4,7318.535000,7152.209908,2.298878,4540.839000,4457.461179,1.853244,978.943000,924.666656,5.704012,67.785000,65.582491,3.303217,1.758789,1.754292,0.256057
1980Q1,7341.557000,7191.939615,2.059004,4534.348000,4481.146235,1.180243,972.248000,928.975241,4.552883,67.622000,65.833621,2.680271,1.756084,1.753275,0.160070
1980Q2,7190.289000,7230.411200,-0.556454,4432.231000,4504.837323,-1.624871,889.579000,932.833784,-4.747872,66.401000,66.064114,0.508642,1.722863,1.752160,-1.686172
1980Q3,7181.743000,7268.156891,-1.196063,4480.849000,4528.919713,-1.067090,830.866000,936.487327,-11.966746,66.098000,66.277767,-0.271602,1.724189,1.751048,-1.545779
1980Q4,7315.677000,7305.695391,0.136535,4541.390000,4553.740713,-0.271590,908.306000,940.157239,-3.446581,66.987000,66.478653,0.761769,1.746663,1.750026,-0.192376
1981Q1,7459.022000,7343.501520,1.560853,4556.603000,4579.624824,-0.503969,992.376000,943.997824,4.997821,67.373000,66.670792,1.047739,1.763637,1.749162,0.824100
1981Q2,7403.745000,7382.066300,0.293237,4556.934000,4606.896433,-1.090438,951.246000,948.145533,0.326470,67.425000,66.858575,0.843630,1.749213,1.748522,0.039519
1981Q3,7492.405000,7421.963532,0.944619,4578.013000,4635.873705,-1.255962,1004.861000,952.769164,5.323185,67.387000,67.046886,0.505995,1.769103,1.748180,1.189756
1981Q4,7410.768000,7463.793370,-0.712970,4546.699000,4666.852065,-2.608329,969.475000,958.043255,1.186176,67.093000,67.241017,-0.220372,1.736719,1.748212,-0.659576
1982Q1,7295.631000,7508.214565,-2.872202,4580.190000,4700.099457,-2.584319,877.772000,964.179247,-9.389034,65.964000,67.446536,-2.222609,1.716069,1.748707,-1.884026
1982Q2,7328.912000,7555.869379,-3.049759,4594.142000,4735.816220,-3.037208,877.104000,971.402916,-10.211576,66.268000,67.668990,-2.092090,1.710246,1.749746,-2.283373
1982Q3,7300.896000,7607.282325,-4.110891,4624.939000,4774.133966,-3.174941,869.067000,979.892029,-12.002217,65.795000,67.913063,-3.168456,1.699046,1.751392,-3.034365
1982Q4,7303.817000,7662.849616,-4.798684,4705.953000,4815.099607,-2.292843,801.889000,989.771095,-21.050350,65.182000,68.182633,-4.500652,1.699583,1.753681,-3.133435
1983Q1,7400.066000,7722.784874,-4.268611,4752.481000,4858.667620,-2.209745,829.672000,1001.098868,-18.782310,65.578000,68.480304,-4.330589,1.708939,1.756620,-2.751865
1983Q2,7568.456000,7787.079418,-2.847679,4849.254000,4904.722590,-1.137366,903.148000,1013.807827,-11.558221,66.343000,68.806817,-3.646458,1.733604,1.760179,-1.521359
1983Q3,7719.746000,7855.518969,-1.743488,4936.211000,4953.077888,-0.341115,959.692000,1027.710039,-6.847594,67.669000,69.161088,-2.181022,1.740292,1.764301,-1.370183
1983Q4,7880.794000,7927.744043,-0.593985,5014.874000,5003.504955,0.226964,1053.054000,1042.534167,1.004007,68.939000,69.540449,-0.868652,1.761262,1.768910,-0.433311
1984Q1,8034.847000,8003.297043,0.393437,5056.492000,5055.755604,0.014564,1154.826000,1057.948671,8.761787,70.258000,69.941241,0.451871,1.784847,1.773915,0.614354
1984Q2,8173.670000,8081.674128,1.131897,5127.332000,5109.578539,0.346852,1192.381000,1073.608864,10.492641,71.173000,70.359354,1.149779,1.800449,1.779220,1.186106
1984Q3,8252.465000,8162.372090,1.097712,5165.357000,5164.711940,0.012489,1218.184000,1089.208800,11.190966,71.482000,70.790787,0.971681,1.802397,1.784734,0.984793
1984Q4,8320.199000,8244.925638,0.908824,5232.266000,5220.893522,0.217589,1202.383000,1104.497171,8.491524,71.947000,71.231954,0.998822,1.801165,1.790379,0.600636
1985Q1,8400.820000,8328.907187,0.859706,5321.159000,5277.849463,0.817242,1169.416000,1119.287658,4.381202,72.522000,71.679618,1.168352,1.809633,1.796087,0.751401
1985Q2,8474.787000,8413.918844,0.720818,5370.011000,5335.300766,0.648470,1189.334000,1133.445753,4.813115,73.017000,72.130908,1.220966,1.804803,1.801795,0.166803
1985Q3,8604.220000,8499.591561,1.223467,5472.014000,5392.983508,1.454798,1181.226000,1146.863815,2.952178,73.222000,72.583409,0.875955,1.823581,1.807449,0.888555
1985Q4,8668.188000,8585.579578,0.957577,5483.866000,5450.644373,0.607649,1224.763000,1159.466700,5.478720,73.589000,73.035205,0.755397,1.823038,1.812996,0.552405
1986Q1,8749.127000,8671.589386,0.890183,5531.807000,5508.069533,0.430032,1224.404000,1171.200571,4.442484,73.483000,73.484733,-0.002359,1.835217,1.818390,0.921129
1986Q2,8788.524000,8757.368403,0.355133,5592.080000,5565.057845,0.484393,1203.028000,1182.053010,1.758895,73.284000,73.930743,-0.878644,1.836031,1.823595,0.679624
1986Q3,8872.601000,8842.703848,0.337529,5690.971000,5621.415824,1.229733,1170.667000,1192.047303,-1.809858,73.655000,74.371954,-0.968687,1.838551,1.828583,0.543654
1986Q4,8920.193000,8927.395353,-0.080710,5725.812000,5676.960518,0.856840,1174.171000,1201.223539,-2.277829,74.209000,74.806648,-0.802132,1.833647,1.833332,0.017169
1987Q1,8986.367000,9011.255042,-0.276571,5731.226000,5731.547283,-0.005606,1205.858000,1209.611827,-0.310816,75.133000,75.232617,-0.132499,1.828694,1.837829,-0.498310
1987Q2,9083.256000,9094.084801,-0.119146,5809.376000,5785.058639,0.419467,1206.486000,1217.227948,-0.886410,75.564000,75.647226,-0.110080,1.849487,1.842059,0.402403
1987Q3,9162.024000,9175.665028,-0.148776,5875.641000,5837.374451,0.653404,1206.662000,1224.087655,-1.433793,76.090000,76.047732,0.055565,1.855497,1.846003,0.512953
1987Q4,9319.332000,9255.763293,0.684454,5888.065000,5888.387769,-0.005482,1288.881000,1230.202023,4.659600,76.876000,76.431289,0.580158,1.863455,1.849646,0.743789
1988Q1,9367.502000,9334.132623,0.356861,5992.101000,5938.014389,0.906730,1227.008000,1235.572932,-0.695609,76.947000,76.795038,0.197684,1.870682,1.852978,0.950923
1988Q2,9490.594000,9410.560538,0.846868,6036.355000,5986.169402,0.834864,1256.243000,1240.239973,1.282063,78.029000,77.136364,1.150574,1.871290,1.855998,0.820541
1988Q3,9546.206000,9484.851678,0.644783,6090.001000,6032.801739,0.943671,1263.222000,1244.239335,1.514123,78.239000,77.452725,1.010049,1.876839,1.858718,0.970194
1988Q4,9673.405000,9556.858297,1.212132,6159.246000,6077.892887,1.329630,1282.499000,1247.618900,2.757366,79.117000,77.742125,1.753051,1.880683,1.861158,1.043588
1989Q1,9771.725000,9626.470349,1.497638,6187.816000,6121.462275,1.078120,1326.029000,1250.439955,5.869331,79.910000,78.003062,2.415291,1.877091,1.863350,0.734734
1989Q2,9846.293000,9693.651517,1.562385,6216.695000,6163.583377,0.858009,1313.202000,1252.786788,4.709793,80.219000,78.234907,2.504447,1.863036,1.865338,-0.123497
1989Q3,9919.228000,9758.459291,1.634057,6276.877000,6204.375559,1.161779,1301.412000,1254.790988,3.648081,80.403000,78.438240,2.473992,1.863061,1.867176,-0.220630
1989Q4,9938.767000,9821.051883,1.191474,6304.157000,6243.996606,0.958880,1291.758000,1256.622361,2.757663,80.407000,78.614916,2.253978,1.856946,1.868916,-0.642570
1990Q1,10047.386000,9881.695397,1.662841,6357.213000,6282.655411,1.179735,1304.586000,1258.480548,3.598067,80.657000,78.768053,2.369810,1.868524,1.870608,-0.111441
1990Q2,10083.855000,9940.738939,1.429427,6376.579000,6320.605026,0.881681,1304.993000,1260.588124,3.461930,80.310000,78.901930,1.768845,1.876770,1.872293,0.238829
1990Q3,10090.569000,9998.645681,0.915157,6401.841000,6358.152261,0.684780,1279.695000,1263.197658,1.297544,79.893000,79.022043,1.096140,1.870344,1.874014,-0.196043
1990Q4,9998.704000,10055.980635,-0.571206,6353.139000,6395.646903,-0.666857,1208.107000,1266.591654,-4.727488,79.553000,79.134806,0.527067,1.849951,1.875814,-1.388375
1991Q1,9951.916000,10113.380262,-1.609423,6329.249000,6433.474719,-1.633320,1167.908000,1271.067098,-8.464267,78.776000,79.247216,-0.596391,1.841320,1.877736,-1.958406
1991Q2,10029.510000,10171.459487,-1.405396,6381.703000,6472.003681,-1.405076,1167.904000,1276.889686,-8.921650,78.282000,79.366575,-1.375962,1.857802,1.879805,-1.177442
1991Q3,10080.195000,10230.744500,-1.482475,6413.521000,6511.544125,-1.516820,1191.028000,1284.265621,-7.537025,78.190000,79.499930,-1.661438,1.864228,1.882026,-0.950153
1991Q4,10115.329000,10291.683417,-1.728414,6410.312000,6552.356527,-2.191682,1233.261000,1293.338547,-4.756502,78.055000,79.653698,-2.027476,1.864376,1.884386,-1.067537
1992Q1,10236.435000,10354.639277,-1.148124,6530.335000,6594.645582,-0.979980,1210.478000,1304.200394,-7.457481,77.596000,79.833528,-2.842769,1.909446,1.886864,1.189696
1992Q2,10347.429000,10419.871812,-0.697665,6574.665000,6638.530669,-0.966703,1278.935000,1316.913094,-2.926273,77.912000,80.044128,-2.699810,1.918241,1.889425,1.513586
1992Q3,10449.673000,10487.572563,-0.362030,6645.140000,6684.093807,-0.584488,1289.101000,1331.485033,-3.234981,78.031000,80.288859,-2.852468,1.921558,1.892049,1.547580
1992Q4,10558.648000,10557.892650,0.007154,6724.342000,6731.379035,-0.104595,1328.433000,1347.905992,-1.455222,78.546000,80.569800,-2.543945,1.925023,1.894732,1.586014
1993Q1,10576.275000,10630.963897,-0.515758,6750.123000,6780.407292,-0.447645,1359.751000,1366.142611,-0.468956,79.231000,80.887663,-2.069368,1.901872,1.897491,0.230600
1993Q2,10637.847000,10706.923009,-0.647243,6811.522000,6831.196059,-0.288419,1367.575000,1386.151238,-1.349191,80.135000,81.241922,-1.371868,1.903075,1.900359,0.142838
1993Q3,10688.606000,10785.876631,-0.905924,6887.329000,6883.744429,0.052059,1358.287000,1407.884723,-3.586403,80.602000,81.631028,-1.268598,1.892987,1.903373,-0.547179
1993Q4,10833.987000,10867.891392,-0.312456,6947.788000,6938.039251,0.140413,1429.661000,1431.283180,-0.113402,81.375000,82.052740,-0.829411,1.915518,1.906574,0.468015
1994Q1,10939.116000,10952.974697,-0.126609,7027.255000,6994.069457,0.473359,1484.116000,1456.251506,1.895364,81.886000,82.504144,-0.752049,1.905489,1.909993,-0.236081
1994Q2,11087.361000,11041.113282,0.417993,7081.931000,7051.829966,0.425946,1557.107000,1482.687429,4.897334,83.211000,82.981858,0.275754,1.911067,1.913670,-0.136088
1994Q3,11152.176000,11132.285181,0.178517,7135.930000,7111.336660,0.345236,1531.670000,1510.498909,1.391864,84.190000,83.482047,0.844455,1.902938,1.917641,-0.769714
1994Q4,11279.932000,11226.497423,0.474839,7213.079000,7172.625108,0.562419,1594.684000,1539.633335,3.513130,84.539000,84.000937,0.638501,1.924143,1.921942,0.114447
1995Q1,11319.951000,11323.770200,-0.033733,7231.032000,7235.747739,-0.065194,1611.428000,1570.046588,2.601545,84.949000,84.535114,0.488407,1.915640,1.926599,-0.570469
1995Q2,11353.721000,11424.158500,-0.618475,7294.424000,7300.784492,-0.087159,1577.960000,1601.724869,-1.494822,84.827000,85.081420,-0.299479,1.914320,1.931640,-0.900681
1995Q3,11450.310000,11527.716955,-0.673750,7360.529000,7367.815169,-0.098941,1568.555000,1634.678329,-4.129123,85.801000,85.636874,0.191470,1.921010,1.937087,-0.833423
1995Q4,11528.067000,11634.457252,-0.918648,7411.873000,7436.918430,-0.337340,1607.513000,1668.900729,-3.747690,86.020000,86.198256,-0.207012,1.923343,1.942952,-1.014380
1996Q1,11614.418000,11744.341996,-1.112434,7480.231000,7508.171203,-0.372825,1633.332000,1704.339514,-4.255555,86.186000,86.762365,-0.666520,1.934818,1.949236,-0.742423
1996Q2,11808.140000,11857.264096,-0.415156,7560.702000,7581.637308,-0.276514,1711.813000,1740.894910,-1.684625,86.993000,87.325802,-0.381832,1.951182,1.955928,-0.242947
1996Q3,11914.063000,11973.028717,-0.493705,7606.475000,7657.365107,-0.666809,1789.565000,1778.409238,0.625330,87.716000,87.884712,-0.192154,1.958131,1.963009,-0.248778
1996Q4,12037.775000,12091.401473,-0.444496,7667.062000,7735.391356,-0.887259,1787.190000,1816.690162,-1.637170,88.705000,88.434934,0.304919,1.963750,1.970456,-0.340874
1997Q1,12115.472000,12212.100310,-0.794398,7747.880000,7815.721494,-0.871802,1823.255000,1855.534483,-1.754942,89.468000,88.972102,0.555816,1.958859,1.978243,-0.984682
1997Q2,12317.221000,12334.796836,-0.142591,7782.760000,7898.317056,-1.473867,1935.157000,1894.701312,2.112725,89.905000,89.491924,0.460517,1.978903,1.986339,-0.375065
1997Q3,12471.010000,12459.086764,0.095653,7915.359000,7983.094002,-0.852101,1962.053000,1933.908107,1.444849,90.449000,89.990336,0.508387,1.996193,1.994702,0.074685
1997Q4,12577.495000,12584.537524,-0.055977,8009.964000,8069.889775,-0.745356,1990.860000,1972.876000,0.907433,90.871000,90.463466,0.449484,2.003171,2.003283,-0.005595
1998Q1,12703.742000,12710.706139,-0.054805,8090.987000,8158.490594,-0.830845,2078.205000,2011.324158,3.271125,91.430000,90.907678,0.572919,2.017761,2.012034,0.284254
1998Q2,12821.339000,12837.127101,-0.123064,8233.463000,8248.634078,-0.184092,2065.336000,2048.965216,0.795803,91.910000,91.319552,0.644492,2.025034,2.020904,0.204135
1998Q3,12982.752000,12963.312074,0.149849,8340.831000,8340.002140,0.009938,2118.989000,2085.538089,1.591219,92.047000,91.695980,0.382078,2.043168,2.029848,0.654051
1998Q4,13191.670000,13088.744097,0.783294,8461.330000,8432.252177,0.344247,2183.382000,2120.780104,2.909106,93.178000,92.034217,1.235121,2.045536,2.038821,0.328860
1999Q1,13315.597000,13212.899843,0.774244,8548.235000,8525.026433,0.271871,2243.548000,2154.439968,4.052773,93.042000,92.331753,0.766291,2.073674,2.047785,1.256356
1999Q2,13426.748000,13335.303402,0.683393,8679.143000,8617.969735,0.707326,2244.682000,2186.299029,2.635369,93.552000,92.586815,1.037068,2.064491,2.056706,0.377770
1999Q3,13604.771000,13455.529078,1.103043,8776.715000,8710.726410,0.754700,2306.470000,2216.191574,3.992800,94.159000,92.798121,1.455845,2.071822,2.065568,0.302326
1999Q4,13827.980000,13573.197227,1.859702,8905.093000,8802.965039,1.153476,2367.988000,2243.990059,5.378509,94.544000,92.965041,1.684181,2.090393,2.074356,0.770140
2000Q1,13878.147000,13688.013340,1.379493,9039.743000,8894.383275,1.621076,2351.223000,2269.627611,3.531985,94.989000,93.087855,2.021738,2.097901,2.083061,0.709871
2000Q2,14130.908000,13799.837870,2.370761,9124.152000,8984.732635,1.539820,2490.501000,2293.121614,8.256986,95.247000,93.167887,2.207042,2.116858,2.091683,1.196435
2000Q3,14145.312000,13908.651377,1.687221,9211.569000,9073.848562,1.506370,2466.375000,2314.550795,6.353383,95.241000,93.207707,2.158011,2.111741,2.100231,0.546565
2000Q4,14229.765000,14014.646140,1.523296,9292.050000,9161.650533,1.413284,2471.534000,2334.125731,5.720161,94.876000,93.211229,1.770258,2.119639,2.108731,0.515959
2001Q1,14183.120000,14118.173444,0.458966,9325.751000,9248.144505,0.835656,2358.969000,2352.164431,0.288872,94.847000,93.183669,1.769259,2.106339,2.117217,-0.515081
2001Q2,14271.694000,14219.733899,0.364742,9344.486000,9333.421584,0.118476,2362.652000,2369.084432,-0.271885,93.925000,93.131304,0.848622,2.116509,2.125728,-0.434619
2001Q3,14214.516000,14319.886310,-0.738553,9377.003000,9417.627708,-0.432302,2311.409000,2385.322687,-3.147712,92.801000,93.061448,-0.280259,2.105155,2.134300,-1.374971
2001Q4,14253.574000,14419.239966,-1.155574,9528.302000,9500.923094,0.287757,2196.554000,2401.325601,-8.913115,91.734000,92.981900,-1.351177,2.105888,2.142961,-1.745150
2002Q1,14372.785000,14518.355201,-1.007724,9549.516000,9583.449380,-0.354712,2262.071000,2417.504573,-6.645507,90.985000,92.900276,-2.083196,2.137502,2.151723,-0.663127
2002Q2,14460.848000,14617.702781,-1.078845,9597.820000,9665.371864,-0.701360,2298.939000,2434.146619,-5.714852,91.178000,92.823380,-1.788491,2.143845,2.160574,-0.777293
2002Q3,14519.633000,14717.673914,-1.354735,9664.988000,9746.840988,-0.843336,2295.983000,2451.444909,-6.551654,90.850000,92.756789,-2.077110,2.150944,2.169491,-0.858564
2002Q4,14537.580000,14818.570636,-1.914415,9718.745000,9827.970051,-1.117591,2293.746000,2469.510068,-7.383349,90.989000,92.705029,-1.868410,2.154788,2.178443,-1.091814
2003Q1,14614.141000,14920.576859,-2.075164,9766.616000,9908.824583,-1.445569,2312.465000,2488.354351,-7.330753,90.527000,92.671418,-2.341195,2.160679,2.187385,-1.228418
2003Q2,14743.567000,15023.701659,-1.882221,9878.442000,9989.403061,-1.117003,2327.492000,2507.874922,-7.464446,90.240000,92.658198,-2.644464,2.181465,2.196256,-0.675738
2003Q3,14988.782000,15127.757976,-0.922928,10018.122000,10069.613448,-0.512667,2411.638000,2527.850030,-4.706297,90.376000,92.666265,-2.502575,2.209819,2.204978,0.219281
2003Q4,15162.760000,15232.374171,-0.458062,10087.092000,10149.290430,-0.614721,2493.928000,2547.931947,-2.142305,90.798000,92.694999,-2.067727,2.220259,2.213463,0.306546
2004Q1,15248.680000,15337.079698,-0.578046,10181.141000,10228.231327,-0.461459,2498.140000,2567.686265,-2.745875,91.200000,92.742342,-1.677023,2.226326,2.221623,0.211455
2004Q2,15366.850000,15441.346865,-0.483618,10236.694000,10306.188371,-0.676581,2597.507000,2586.630646,0.419602,91.297000,92.805043,-1.638305,2.243389,2.229375,0.626648
2004Q3,15512.619000,15544.577744,-0.205806,10356.936000,10382.877342,-0.250160,2638.672000,2604.224769,1.314072,91.817000,92.878880,-1.149881,2.262187,2.236636,1.135925
2004Q4,15670.880000,15646.111822,0.158177,10474.084000,10457.962690,0.154035,2693.575000,2619.922809,2.772445,92.327000,92.958669,-0.681835,2.262538,2.243332,0.852489
2005Q1,15844.727000,15745.252358,0.629788,10540.638000,10531.084427,0.090677,2769.261000,2633.191688,5.038382,92.587000,93.038542,-0.486510,2.271228,2.249407,0.965414
2005Q2,15922.782000,15841.302668,0.513029,10657.449000,10601.884915,0.522728,2733.225000,2643.540051,3.336328,93.061000,93.112216,-0.055020,2.273711,2.254812,0.834670
2005Q3,16047.587000,15933.614743,0.712748,10745.873000,10670.005676,0.708518,2769.106000,2650.561704,4.375294,93.297000,93.173103,0.132886,2.285264,2.259516,1.133087
2005Q4,16136.734000,16021.580773,0.716168,10765.680000,10735.117366,0.284293,2857.350000,2653.913544,7.385926,93.896000,93.214572,0.728373,2.295307,2.263498,1.395512
2006Q1,16353.835000,16104.656182,1.535399,10883.075000,10796.934233,0.794660,2899.229000,2653.337827,8.862643,94.914000,93.230065,1.790096,2.312500,2.266756,1.997966
2006Q2,16396.151000,16182.363376,1.312464,10939.498000,10855.187526,0.773683,2882.564000,2648.716019,8.460517,95.130000,93.213465,2.035219,2.306855,2.269304,1.641180
2006Q3,16420.738000,16254.378225,1.018275,11009.748000,10909.661603,0.913228,2871.589000,2640.094799,8.405071,95.491000,93.159730,2.471646,2.297574,2.271191,1.154945
2006Q4,16561.866000,16320.512005,1.468010,11114.771000,10960.194570,1.400491,2818.228000,2627.677644,7.000789,95.942000,93.065053,3.044510,2.299796,2.272484,1.194693
2007Q1,16611.690000,16380.684760,1.400378,11183.323000,11006.689660,1.592041,2800.037000,2611.818977,6.958573,95.895000,92.927132,3.143819,2.295267,2.273273,0.962884
2007Q2,16713.314000,16434.973762,1.679404,11212.669000,11049.150576,1.469075,2827.010000,2592.993727,8.640653,96.310000,92.745498,3.771299,2.293406,2.273660,0.864690
2007Q3,16809.587000,16483.608910,1.958289,11287.468000,11087.696695,1.785700,2794.526000,2571.787831,8.306119,96.054000,92.521571,3.746872,2.275838,2.273766,0.091082
2007Q4,16915.191000,16527.003025,2.321650,11331.949000,11122.556122,1.865095,2762.518000,2548.915340,8.047467,95.792000,92.258988,3.757947,2.277337,2.273720,0.158960
2008Q1,16843.003000,16565.781856,1.659608,11316.411000,11154.088692,1.444784,2686.998000,2525.202202,6.210345,95.468000,91.963557,3.739873,2.249823,2.273656,-1.053738
2008Q2,16943.291000,16600.822550,2.041970,11347.595000,11182.792300,1.462963,2641.850000,2501.572513,5.455989,94.917000,91.643207,3.509998,2.251462,2.273707,-0.983197
2008Q3,16854.295000,16633.185450,1.320570,11260.136000,11209.273905,0.452724,2589.254000,2479.012940,4.350933,93.872000,91.307917,2.769465,2.245903,2.273995,-1.243013
2008Q4,16485.350000,16664.153726,-1.078782,11158.801000,11234.250741,-0.673870,2338.938000,2458.558986,-4.987842,91.473000,90.969534,0.551919,2.206088,2.274623,-3.059378
2009Q1,16298.262000,16695.158664,-2.406030,11130.464000,11258.479268,-1.143570,2073.135000,2441.281182,-16.346102,89.016000,90.641301,-1.809384,2.193402,2.275682,-3.682602
2009Q2,16269.145000,16727.529580,-2.778547,11075.748000,11282.675330,-1.851054,1952.641000,2428.152499,-21.794786,86.833000,90.336583,-3.955578,2.221542,2.277215,-2.475153
2009Q3,16326.281000,16762.354232,-2.635941,11150.230000,11307.480186,-1.400434,1946.867000,2419.894219,-21.750241,85.747000,90.067561,-4.915896,2.246620,2.279217,-1.440506
2009Q4,16502.754000,16800.438432,-1.787771,11137.946000,11333.409674,-1.739713,2128.516000,2416.914002,-12.706650,85.743000,89.844076,-4.672123,2.278969,2.281645,-0.117329
2010Q1,16582.710000,16842.319323,-1.553414,11202.495000,11360.885136,-1.403981,2174.335000,2419.320990,-10.676405,86.109000,89.673177,-4.055776,2.277615,2.284436,-0.299055
2010Q2,16743.162000,16888.352825,-0.863427,11302.955000,11390.208605,-0.768990,2288.469000,2427.067562,-5.880073,86.762000,89.559323,-3.173250,2.293365,2.287528,0.254808
2010Q3,16872.266000,16938.736897,-0.393191,11383.596000,11421.585703,-0.333168,2390.072000,2439.978126,-2.066558,87.167000,89.504785,-2.646627,2.317209,2.290851,1.144006
2010Q4,16960.864000,16993.583026,-0.192723,11453.368000,11455.170145,-0.015733,2383.297000,2457.815915,-3.078829,87.587000,89.510165,-2.171961,2.314715,2.294340,0.884145
2011Q1,16920.632000,17052.965227,-0.779040,11497.120000,11491.094554,0.052422,2338.901000,2480.334024,-5.871208,87.739000,89.574705,-2.070647,2.304831,2.297945,0.299202
2011Q2,17035.114000,17116.940948,-0.479193,11508.950000,11529.493232,-0.178339,2434.538000,2507.252540,-2.943054,88.621000,89.696543,-1.206338,2.308461,2.301631,0.296329
2011Q3,17031.313000,17185.487830,-0.901171,11543.975000,11570.507322,-0.229573,2445.296000,2538.205812,-3.729128,88.850000,89.872759,-1.144533,2.296771,2.305363,-0.373383
2011Q4,17222.583000,17258.534363,-0.208528,11563.890000,11614.268408,-0.434707,2633.829000,2572.777323,2.345269,89.687000,90.099830,-0.459245,2.315674,2.309114,0.283695
2012Q1,17367.010000,17335.912877,0.179219,11647.297000,11660.894824,-0.116679,2692.179000,2610.476686,3.081806,90.354000,90.373638,-0.021732,2.343172,2.312848,1.302577
2012Q2,17444.525000,17417.432391,0.155428,11667.753000,11710.476575,-0.365499,2752.614000,2650.828938,3.767861,90.471000,90.689828,-0.241584,2.336249,2.316537,0.847317
2012Q3,17469.650000,17502.919986,-0.190263,11691.414000,11763.098259,-0.611264,2759.860000,2693.383691,2.438167,90.992000,91.044031,-0.057166,2.317836,2.320168,-0.100564
2012Q4,17489.852000,17592.218179,-0.583583,11738.007000,11818.820683,-0.686120,2736.423000,2737.726062,-0.047608,91.520000,91.431717,0.096510,2.325590,2.323741,0.079524
2013Q1,17662.400000,17685.146712,-0.128703,11814.326000,11877.662115,-0.534664,2845.380000,2783.455072,2.200364,92.128000,91.848279,0.304084,2.326724,2.327257,-0.022867
2013Q2,17709.671000,17781.457864,-0.404535,11848.089000,11939.591627,-0.769332,2882.489000,2830.140479,1.832781,92.504000,92.289107,0.232577,2.326459,2.330714,-0.182729
2013Q3,17860.450000,17880.885058,-0.114350,11896.258000,12004.539054,-0.906094,2998.991000,2877.361217,4.140227,92.876000,92.749691,0.136090,2.331532,2.334113,-0.110641
2013Q4,18016.147000,17983.110929,0.183538,12001.027000,12072.376017,-0.592764,3027.805000,2924.700717,3.464578,93.138000,93.225578,-0.093986,2.342264,2.337452,0.205629
2014Q1,17953.974000,18087.798314,-0.742610,12044.203000,12142.903604,-0.816147,2998.148000,2971.791985,0.882963,93.496000,93.712306,-0.231086,2.325399,2.340726,-0.656964
2014Q2,18185.911000,18194.623231,-0.047895,12159.899000,12215.873870,-0.459267,3121.321000,3018.311040,3.355889,94.487000,94.205266,0.298618,2.352939,2.343933,0.383464
2014Q3,18406.941000,18303.169099,0.565360,12280.086000,12290.970793,-0.088598,3193.152000,3063.932997,4.130913,95.241000,94.699614,0.570060,2.364610,2.347064,0.744804
2014Q4,18500.031000,18413.003754,0.471527,12421.595000,12367.835387,0.433731,3203.351000,3108.382160,3.009506,96.203000,95.190582,1.057953,2.365232,2.350111,0.641359
2015Q1,18666.621000,18523.749919,0.768327,12516.902000,12446.092857,0.567314,3314.895000,3151.452912,5.056236,96.688000,95.673646,1.054642,2.374515,2.353081,0.906753
2015Q2,18782.243000,18635.075980,0.786629,12603.053000,12525.392783,0.618108,3328.049000,3192.993802,4.142727,96.953000,96.144826,0.837066,2.378506,2.355989,0.951204
2015Q3,18857.418000,18746.732250,0.588691,12691.790000,12605.420347,0.682842,3335.270000,3232.953502,3.115752,97.076000,96.600711,0.490808,2.370334,2.358864,0.485072
2015Q4,18892.206000,18858.555735,0.178276,12743.411000,12685.901528,0.452309,3315.334000,3271.368804,1.334988,97.782000,97.038339,0.763436,2.353506,2.361747,-0.349568
2016Q1,19001.690000,18970.449385,0.164545,12839.618000,12766.609681,0.570240,3301.090000,3308.348239,-0.219633,98.030000,97.455012,0.588270,2.367585,2.364689,0.122366
2016Q2,19062.709000,19082.335193,-0.102903,12903.306000,12847.348679,0.434610,3287.033000,3344.038005,-1.719373,98.281000,97.848465,0.441071,2.344379,2.367736,-0.991349
2016Q3,19197.938000,19194.153172,0.019717,12993.064000,12927.963555,0.502299,3301.079000,3378.589984,-2.320907,98.761000,98.216782,0.552569,2.354487,2.370934,-0.696081
2016Q4,19304.352000,19305.829663,-0.007654,13060.061000,13008.330924,0.396880,3391.749000,3412.128897,-0.599069,98.848000,98.558311,0.293495,2.365194,2.374315,-0.384895
2017Q1,19398.343000,19417.291857,-0.097635,13160.475000,13088.365627,0.549430,3382.703000,3444.737037,-1.817248,99.194000,98.871744,0.325403,2.367308,2.377904,-0.446605
2017Q2,19506.949000,19528.464537,-0.110236,13225.743000,13168.013336,0.437450,3435.929000,3476.488972,-1.173553,99.823000,99.155965,0.670460,2.368743,2.381716,-0.546174
2017Q3,19660.766000,19639.259010,0.109450,13315.382000,13247.264191,0.512885,3493.166000,3507.423997,-0.407338,100.050000,99.410077,0.641657,2.376508,2.385762,-0.388643
2017Q4,19882.352000,19749.571232,0.670072,13460.902000,13326.144846,1.006145,3558.859000,3537.558445,0.600320,100.678000,99.633620,1.042765,2.392534,2.390045,0.104094
2018Q1,20044.077000,19859.308716,0.926085,13558.373000,13404.725858,1.139697,3612.936000,3566.901569,1.282343,101.265000,99.826561,1.430655,2.394480,2.394562,-0.003418
2018Q2,20150.476000,19968.460900,0.907384,13630.967000,13483.164508,1.090236,3612.389000,3595.477760,0.469245,101.762000,99.989548,1.757110,2.397001,2.399310,-0.096311
2018Q3,20276.154000,20077.133575,0.986398,13693.790000,13561.718567,0.969143,3722.248000,3623.342466,2.693085,102.206000,100.124157,2.057940,2.401804,2.404289,-0.103431
2018Q4,20304.874000,20185.549653,0.589397,13736.572000,13640.744883,0.700050,3724.752000,3650.564661,2.011842,102.529000,100.233099,2.264722,2.393342,2.409495,-0.672674
2019Q1,20431.641000,20294.062240,0.675639,13758.331000,13720.691758,0.273949,3755.530000,3677.278218,2.105656,102.560000,100.320410,2.207882,2.416098,2.414924,0.048603
2019Q2,20602.275000,20403.107352,0.971430,13875.705000,13802.078377,0.532028,3790.049000,3703.668220,2.305521,102.880000,100.391577,2.448495,2.418104,2.420561,-0.101565
2019Q3,20843.322000,20513.217040,1.596420,14033.222000,13885.460024,1.058527,3819.940000,3729.974627,2.383328,103.175000,100.453497,2.673167,2.428933,2.426392,0.104676
2019Q4,20985.448000,20625.060047,1.732240,14125.274000,13971.451997,1.094957,3770.431000,3756.498585,0.370202,102.938000,100.514629,2.382358,2.438212,2.432402,0.238598
2020Q1,20709.212000,20739.526631,-0.146275,13887.048000,14060.778263,-1.243263,3676.274000,3783.606240,-2.877785,101.427000,100.585133,0.833487,2.411830,2.438575,-1.102793
2020Q2,19077.992000,20857.752820,-8.919030,12685.319000,14154.279039,-10.957164,3163.508000,3811.683170,-18.638933,87.551000,100.676696,-13.969287,2.342781,2.444901,-4.266604
2020Q3,20558.879000,20980.882055,-2.031873,13813.706000,14252.707742,-3.128562,3755.526000,3841.057512,-2.251937,94.767000,100.801587,-6.173285,2.444406,2.451353,-0.283800
2020Q4,20791.917000,21108.909524,-1.513090,14001.366000,14355.858022,-2.500319,3878.929000,3871.616946,0.188685,96.832000,100.963342,-4.177999,2.491253,2.457838,1.350378
2021Q1,21082.134000,21241.562048,-0.753378,14319.617000,14463.236909,-0.997963,3849.329000,3903.190981,-1.389557,97.837000,101.161658,-3.341698,2.505842,2.464255,1.673522
2021Q2,21440.929000,21378.358577,0.292254,14820.014000,14574.110309,1.673188,3799.029000,3935.608330,-3.531996,99.575000,101.393617,-1.809901,2.516344,2.470526,1.837583
2021Q3,21617.828000,21518.705030,0.459579,14943.244000,14687.630510,1.725361,3937.300000,3968.657513,-0.793267,101.064000,101.654187,-0.582275,2.521920,2.476597,1.813495
2021Q4,21988.737000,21662.031519,1.496934,15086.862000,14803.078014,1.898917,4191.773000,4002.031453,4.632170,102.579000,101.937156,0.627673,2.540792,2.482443,2.323274
2022Q1,21932.710000,21807.815519,0.571071,15100.850000,14919.871138,1.205708,4272.382000,4035.392561,5.706793,103.303000,102.235886,1.038366,2.522149,2.488065,1.360617
2022Q2,21967.045000,21955.725575,0.051542,15224.357000,15037.587860,1.234366,4176.990000,4068.509743,2.631412,104.056000,102.544072,1.463654,2.502176,2.493501,0.347269
2022Q3,22125.625000,22105.499818,0.091000,15295.828000,15155.906727,0.918977,4105.292000,4101.290819,0.097512,104.746000,102.856003,1.820839,2.496579,2.498813,-0.089434
2022Q4,22278.345000,22256.876078,0.096413,15326.248000,15274.613853,0.337469,4184.980000,4133.709016,1.232685,104.944000,103.166843,1.707936,2.481093,2.504065,-0.921591
2023Q1,22439.607000,22409.597430,0.133824,15495.754000,15393.577058,0.661570,4108.542000,4165.739714,-1.382564,105.447000,103.472875,1.889896,2.472162,2.509323,-1.491995
2023Q2,22580.499000,22563.413209,0.075695,15553.719000,15512.692869,0.264119,4180.752000,4197.390342,-0.397185,105.159000,103.771445,1.328265,2.490549,2.514638,-0.962553
2023Q3,22840.989000,22718.084642,0.539540,15671.906000,15631.919428,0.255474,4275.527000,4228.632481,1.102872,105.263000,104.061102,1.148373,2.498748,2.520039,-0.848451
2023Q4,23033.780000,22873.377072,0.698817,15789.717000,15751.239824,0.243982,4313.169000,4259.426757,1.253831,105.198000,104.341245,0.817755,2.523913,2.525538,-0.064365
2024Q1,23082.119000,23029.127008,0.229844,15857.704000,15870.662220,-0.081682,4296.251000,4289.762703,0.151136,105.191000,104.612024,0.551925,2.518027,2.531137,-0.519279
2024Q2,23286.508000,23185.267787,0.435707,16009.637000,15990.219660,0.121359,4381.983000,4319.663906,1.432376,105.259000,104.874127,0.366314,2.535783,2.536832,-0.041395
2024Q3,23478.570000,23341.764542,0.584386,16165.768000,16109.938197,0.345956,4392.176000,4349.159191,0.984224,105.304000,105.128616,0.166689,2.543223,2.542617,0.023824
2024Q4,23586.542000,23498.645555,0.373351,16320.890000,16229.857185,0.559330,4315.564000,4378.317790,-1.443656,105.382000,105.376806,0.004929,2.550521,2.548479,0.080080
2025Q1,23548.210000,23656.026376,-0.456809,16345.793000,16350.052691,-0.026056,4547.947000,4407.238261,3.142767,105.379000,105.620139,-0.228568,2.544526,2.554410,-0.387699
2025Q2,23770.976000,23814.081303,-0.181172,16445.685000,16470.660772,-0.151753,4382.819000,4435.982009,-1.205689,105.629000,105.860071,-0.218518,2.556088,2.560402,-0.168631
2025Q3,24026.834000,23972.920881,0.224639,16585.878000,16591.818903,-0.035813,4383.186000,4464.699925,-1.842615,105.677000,106.097923,-0.397520,2.578378,2.566438,0.464158
2025Q4,24055.749000,24132.631249,-0.319091,16665.219000,16713.652792,-0.290206,4408.299000,4493.513065,-1.914591,105.614000,106.334882,-0.680244,2.585033,2.572502,0.485948
2026Q1,24180.419000,24293.334889,-0.465885,16687.728000,16836.288045,-0.886296,4492.865000,4522.493574,-0.657293,105.793000,106.571882,-0.733536,2.582899,2.578582,0.167252
